order_id,date,product,category,quantity,price,customer_city,payment_method,total_sales
1001,2026-01-15,Biscuits,Grocery,5,40,Coimbatore,"Net Banking",200
1002,2026-03-16,"Wireless Mouse",Electronics,2,650,Coimbatore,"Net Banking",1300
1003,2026-05-30,Headphones,Electronics,3,1200,Salem,Cash,3600
1004,2026-01-21,"Storage Box",Home,2,500,Chennai,"Net Banking",1000
1005,2026-03-30,"Pen Set",Stationery,5,80,Chennai,Card,400
1006,2026-01-15,"Sugar 1kg",Grocery,2,55,Coimbatore,"Net Banking",110
1007,2026-05-11,Biscuits,Grocery,1,40,Salem,Card,40
1008,2026-06-16,"Rice 5kg",Grocery,1,380,Bangalore,"Net Banking",380
1009,2026-01-09,Headphones,Electronics,2,1200,Bangalore,UPI,2400
1010,2026-04-21,Calculator,Stationery,4,450,Madurai,Card,1800
1011,2026-03-22,"Water Bottle",Home,3,300,Madurai,Cash,900
1012,2026-05-14,"Storage Box",Home,2,500,Bangalore,"Net Banking",1000
1013,2026-02-13,Notebook,Stationery,2,120,Bangalore,Cash,240
1014,2026-02-09,Calculator,Stationery,4,450,Salem,"Net Banking",1800
1015,2026-01-24,Keyboard,Electronics,5,900,Bangalore,UPI,4500
1016,2026-02-10,"Storage Box",Home,4,500,Salem,Card,2000
1017,2026-03-12,"Wireless Mouse",Electronics,1,650,Chennai,"Net Banking",650
1018,2026-03-22,Headphones,Electronics,3,1200,Coimbatore,Card,3600
1019,2026-02-10,"USB Cable",Electronics,5,250,Madurai,Card,1250
1020,2026-06-11,Headphones,Electronics,4,1200,Chennai,"Net Banking",4800
1021,2026-04-09,"Sugar 1kg",Grocery,5,55,Madurai,"Net Banking",275
1022,2026-04-11,"Marker Pack",Stationery,3,150,Coimbatore,UPI,450
1023,2026-05-17,Keyboard,Electronics,3,900,Bangalore,Cash,2700
1024,2026-03-04,"Water Bottle",Home,3,300,Chennai,"Net Banking",900
1025,2026-05-31,Headphones,Electronics,4,1200,Salem,Card,4800
1026,2026-01-13,"Rice 5kg",Grocery,4,380,Coimbatore,Card,1520
1027,2026-06-19,Calculator,Stationery,2,450,Salem,Cash,900
1028,2026-01-28,"Wireless Mouse",Electronics,4,650,Madurai,"Net Banking",2600
1029,2026-05-08,"Lunch Box",Home,3,450,Bangalore,Card,1350
1030,2026-05-09,"Water Bottle",Home,1,300,Chennai,Card,300
1031,2026-01-03,Notebook,Stationery,4,120,Coimbatore,UPI,480
1032,2026-02-20,Notebook,Stationery,1,120,Bangalore,"Net Banking",120
1033,2026-04-28,"Table Lamp",Home,3,850,Chennai,"Net Banking",2550
1034,2026-02-21,Keyboard,Electronics,1,900,Madurai,Cash,900
1035,2026-04-23,"Cooking Oil",Grocery,3,210,Salem,UPI,630
1036,2026-04-23,"Water Bottle",Home,3,300,Bangalore,Cash,900
1037,2026-05-09,"Lunch Box",Home,5,450,Coimbatore,Cash,2250
1038,2026-06-09,Notebook,Stationery,4,120,Madurai,Card,480
1039,2026-05-25,Biscuits,Grocery,3,40,Salem,"Net Banking",120
1040,2026-05-24,"Pen Set",Stationery,3,80,Chennai,UPI,240
1041,2026-01-03,"Table Lamp",Home,5,850,Madurai,"Net Banking",4250
1042,2026-03-31,Biscuits,Grocery,3,40,Coimbatore,Card,120
1043,2026-06-10,Biscuits,Grocery,4,40,Bangalore,"Net Banking",160
1044,2026-06-27,"USB Cable",Electronics,4,250,Bangalore,Card,1000
1045,2026-04-22,Biscuits,Grocery,2,40,Chennai,"Net Banking",80
1046,2026-05-09,"Water Bottle",Home,2,300,Madurai,UPI,600
1047,2026-01-09,Headphones,Electronics,3,1200,Chennai,Card,3600
1048,2026-05-28,Biscuits,Grocery,3,40,Chennai,"Net Banking",120
1049,2026-06-13,"Table Lamp",Home,1,850,Madurai,Cash,850
1050,2026-04-09,Biscuits,Grocery,1,40,Chennai,UPI,40
1051,2026-02-23,Calculator,Stationery,2,450,Coimbatore,"Net Banking",900
1052,2026-06-10,"Wireless Mouse",Electronics,4,650,Madurai,UPI,2600
1053,2026-05-08,Notebook,Stationery,4,120,Coimbatore,UPI,480
1054,2026-04-25,"Water Bottle",Home,4,300,Salem,Card,1200
1055,2026-01-27,Calculator,Stationery,3,450,Bangalore,UPI,1350
1056,2026-04-21,Notebook,Stationery,4,120,Chennai,UPI,480
1057,2026-01-04,"Water Bottle",Home,3,300,Coimbatore,"Net Banking",900
1058,2026-06-21,Headphones,Electronics,1,1200,Madurai,Cash,1200
1059,2026-01-06,Keyboard,Electronics,5,900,Coimbatore,"Net Banking",4500
1060,2026-02-15,"Wireless Mouse",Electronics,5,650,Salem,Card,3250
1061,2026-04-26,Biscuits,Grocery,1,40,Salem,UPI,40
1062,2026-03-08,"Table Lamp",Home,1,850,Bangalore,UPI,850
1063,2026-03-08,"Marker Pack",Stationery,2,150,Bangalore,"Net Banking",300
1064,2026-05-07,"Cooking Oil",Grocery,2,210,Coimbatore,Cash,420
1065,2026-04-14,"Pen Set",Stationery,1,80,Chennai,UPI,80
1066,2026-06-19,"Cooking Oil",Grocery,5,210,Bangalore,Card,1050
1067,2026-03-01,Notebook,Stationery,5,120,Bangalore,Card,600
1068,2026-01-20,Headphones,Electronics,5,1200,Chennai,"Net Banking",6000
1069,2026-04-25,"Lunch Box",Home,4,450,Madurai,Cash,1800
1070,2026-06-02,Calculator,Stationery,3,450,Bangalore,Card,1350
1071,2026-02-27,Notebook,Stationery,2,120,Chennai,"Net Banking",240
1072,2026-04-11,"Pen Set",Stationery,3,80,Chennai,"Net Banking",240
1073,2026-04-18,Headphones,Electronics,4,1200,Salem,Card,4800
1074,2026-04-26,"Lunch Box",Home,5,450,Coimbatore,Card,2250
1075,2026-04-24,"Storage Box",Home,5,500,Madurai,Cash,2500
1076,2026-04-30,"Marker Pack",Stationery,1,150,Coimbatore,"Net Banking",150
1077,2026-04-27,"Marker Pack",Stationery,2,150,Chennai,"Net Banking",300
1078,2026-05-02,"Wireless Mouse",Electronics,2,650,Chennai,Card,1300
1079,2026-04-27,Calculator,Stationery,1,450,Chennai,"Net Banking",450
1080,2026-01-22,"USB Cable",Electronics,5,250,Salem,Card,1250
1081,2026-05-24,Biscuits,Grocery,2,40,Coimbatore,UPI,80
1082,2026-03-10,Notebook,Stationery,5,120,Chennai,Cash,600
1083,2026-05-24,"Pen Set",Stationery,4,80,Bangalore,Cash,320
1084,2026-02-02,"Water Bottle",Home,4,300,Salem,Card,1200
1085,2026-04-10,"Pen Set",Stationery,5,80,Bangalore,"Net Banking",400
1086,2026-05-27,"Cooking Oil",Grocery,2,210,Bangalore,"Net Banking",420
1087,2026-01-04,Headphones,Electronics,5,1200,Bangalore,UPI,6000
1088,2026-03-25,"Storage Box",Home,3,500,Madurai,Cash,1500
1089,2026-06-10,Biscuits,Grocery,1,40,Salem,Card,40
1090,2026-03-08,"Rice 5kg",Grocery,4,380,Chennai,UPI,1520
1091,2026-02-13,"Lunch Box",Home,3,450,Salem,UPI,1350
1092,2026-02-04,"Table Lamp",Home,2,850,Chennai,Cash,1700
1093,2026-03-31,"Water Bottle",Home,2,300,Bangalore,Card,600
1094,2026-02-27,"USB Cable",Electronics,4,250,Salem,Cash,1000
1095,2026-04-30,"USB Cable",Electronics,5,250,Madurai,UPI,1250
1096,2026-06-13,"Wireless Mouse",Electronics,1,650,Bangalore,UPI,650
1097,2026-06-26,Headphones,Electronics,3,1200,Coimbatore,"Net Banking",3600
1098,2026-04-06,"Lunch Box",Home,1,450,Salem,"Net Banking",450
1099,2026-01-23,"USB Cable",Electronics,5,250,Chennai,Card,1250
1100,2026-04-23,Keyboard,Electronics,1,900,Madurai,"Net Banking",900
1101,2026-01-19,Keyboard,Electronics,5,900,Chennai,"Net Banking",4500
1102,2026-05-27,"Water Bottle",Home,1,300,Madurai,UPI,300
1103,2026-03-24,Biscuits,Grocery,4,40,Bangalore,Card,160
1104,2026-04-09,"Water Bottle",Home,5,300,Madurai,UPI,1500
1105,2026-02-22,"Table Lamp",Home,5,850,Chennai,Card,4250
1106,2026-06-16,"Wireless Mouse",Electronics,2,650,Bangalore,UPI,1300
1107,2026-03-16,"Sugar 1kg",Grocery,5,55,Bangalore,Card,275
1108,2026-05-25,"Water Bottle",Home,2,300,Salem,Cash,600
1109,2026-06-17,"Cooking Oil",Grocery,5,210,Bangalore,UPI,1050
1110,2026-01-05,"Marker Pack",Stationery,2,150,Salem,UPI,300
1111,2026-03-06,"Marker Pack",Stationery,5,150,Madurai,UPI,750
1112,2026-02-14,"Sugar 1kg",Grocery,1,55,Madurai,"Net Banking",55
1113,2026-04-18,Calculator,Stationery,3,450,Coimbatore,Cash,1350
1114,2026-06-22,"Marker Pack",Stationery,3,150,Salem,Cash,450
1115,2026-05-28,"Lunch Box",Home,2,450,Madurai,"Net Banking",900
1116,2026-06-16,"USB Cable",Electronics,1,250,Chennai,Card,250
1117,2026-04-23,Headphones,Electronics,1,1200,Chennai,"Net Banking",1200
1118,2026-05-14,Keyboard,Electronics,5,900,Bangalore,"Net Banking",4500
1119,2026-03-02,Headphones,Electronics,5,1200,Salem,"Net Banking",6000
1120,2026-06-13,Notebook,Stationery,3,120,Coimbatore,Card,360
1121,2026-02-16,"Water Bottle",Home,2,300,Chennai,UPI,600
1122,2026-04-27,"Marker Pack",Stationery,1,150,Coimbatore,"Net Banking",150
1123,2026-01-12,"Rice 5kg",Grocery,3,380,Bangalore,"Net Banking",1140
1124,2026-06-01,"Storage Box",Home,4,500,Madurai,UPI,2000
1125,2026-06-13,"Lunch Box",Home,4,450,Bangalore,"Net Banking",1800
1126,2026-01-28,Calculator,Stationery,2,450,Madurai,UPI,900
1127,2026-05-25,Headphones,Electronics,3,1200,Chennai,UPI,3600
1128,2026-06-06,Headphones,Electronics,5,1200,Salem,Cash,6000
1129,2026-04-25,"Rice 5kg",Grocery,2,380,Salem,Card,760
1130,2026-02-25,Keyboard,Electronics,2,900,Bangalore,Card,1800
1131,2026-04-28,"Wireless Mouse",Electronics,1,650,Chennai,Cash,650
1132,2026-01-11,"Table Lamp",Home,1,850,Salem,Cash,850
1133,2026-01-27,"Rice 5kg",Grocery,3,380,Chennai,UPI,1140
1134,2026-04-09,Keyboard,Electronics,1,900,Chennai,UPI,900
1135,2026-04-05,"Table Lamp",Home,4,850,Salem,Cash,3400
1136,2026-02-22,"Rice 5kg",Grocery,5,380,Salem,Cash,1900
1137,2026-03-26,"Marker Pack",Stationery,1,150,Chennai,Cash,150
1138,2026-01-04,"USB Cable",Electronics,5,250,Chennai,UPI,1250
1139,2026-04-02,"Storage Box",Home,2,500,Bangalore,Cash,1000
1140,2026-05-03,"Pen Set",Stationery,3,80,Bangalore,"Net Banking",240
1141,2026-05-13,Keyboard,Electronics,4,900,Coimbatore,UPI,3600
1142,2026-03-26,Headphones,Electronics,5,1200,Bangalore,Card,6000
1143,2026-02-07,"Sugar 1kg",Grocery,4,55,Bangalore,Cash,220
1144,2026-06-28,"Pen Set",Stationery,3,80,Bangalore,"Net Banking",240
1145,2026-03-20,Keyboard,Electronics,1,900,Madurai,Cash,900
1146,2026-03-22,"Cooking Oil",Grocery,3,210,Salem,UPI,630
1147,2026-03-15,"Lunch Box",Home,1,450,Chennai,"Net Banking",450
1148,2026-02-03,"Storage Box",Home,5,500,Salem,Cash,2500
1149,2026-02-12,Keyboard,Electronics,3,900,Coimbatore,Card,2700
1150,2026-04-28,"Rice 5kg",Grocery,3,380,Madurai,"Net Banking",1140
